Sport,Game_Type,Entry_Key,Entry,Contest_Key,Contest_Date_EST,Place,Points,Winnings_Non_Ticket,Winnings_Ticket,Contest_Entries,Entry_Fee,Prize_Pool,Places_Paid
MMA,Classic,1416469988,MMA $250K Throwdown [$50K to 1st] (3/3),69511497,2019-03-02 18:30:00,636,629,$40.00,$0.00,19607,$15.00,"$250,000.00",4060
MMA,Classic,1416461637,MMA $250K Throwdown [$50K to 1st] (1/3),69511497,2019-03-02 18:30:00,694,624.5,$40.00,$0.00,19607,$15.00,"$250,000.00",4060
MMA,Classic,1416469173,MMA $250K Throwdown [$50K to 1st] (2/3),69511497,2019-03-02 18:30:00,13635,366.5,$0.00,$0.00,19607,$15.00,"$250,000.00",4060
MMA,Classic,1416469993,MMA $40K Sprawl [20 Entry Max],69624342,2019-03-02 18:30:00,394,629,$15.00,$0.00,11890,$4.00,"$40,000.00",2950
MMA,Classic,1416460696,MMA $20K mini-MAX [150 Entry Max] (110/130),69624344,2019-03-02 18:30:00,404,651.5,$5.00,$0.00,23781,$1.00,"$20,000.00",5350
MMA,Classic,1416460597,MMA $20K mini-MAX [150 Entry Max] (11/130),69624344,2019-03-02 18:30:00,523,642.5,$4.00,$0.00,23781,$1.00,"$20,000.00",5350
MMA,Classic,1416460612,MMA $20K mini-MAX [150 Entry Max] (26/130),69624344,2019-03-02 18:30:00,613,639,$4.00,$0.00,23781,$1.00,"$20,000.00",5350
MMA,Classic,1416460650,MMA $20K mini-MAX [150 Entry Max] (64/130),69624344,2019-03-02 18:30:00,676,636,$4.00,$0.00,23781,$1.00,"$20,000.00",5350
MMA,Classic,1416460594,MMA $20K mini-MAX [150 Entry Max] (8/130),69624344,2019-03-02 18:30:00,730,629,$4.00,$0.00,23781,$1.00,"$20,000.00",5350
MMA,Classic,1416460587,MMA $20K mini-MAX [150 Entry Max] (1/130),69624344,2019-03-02 18:30:00,828,624.5,$4.00,$0.00,23781,$1.00,"$20,000.00",5350
MMA,Classic,1416460632,MMA $20K mini-MAX [150 Entry Max] (46/130),69624344,2019-03-02 18:30:00,1676,589,$3.00,$0.00,23781,$1.00,"$20,000.00",5350
MMA,Classic,1416460673,MMA $20K mini-MAX [150 Entry Max] (87/130),69624344,2019-03-02 18:30:00,1751,586,$3.00,$0.00,23781,$1.00,"$20,000.00",5350
MMA,Classic,1416460697,MMA $20K mini-MAX [150 Entry Max] (111/130),69624344,2019-03-02 18:30:00,1855,582.5,$3.00,$0.00,23781,$1.00,"$20,000.00",5350
MMA,Classic,1416460625,MMA $20K mini-MAX [150 Entry Max] (39/130),69624344,2019-03-02 18:30:00,2264,575.5,$2.00,$0.00,23781,$1.00,"$20,000.00",5350
MMA,Classic,1416460664,MMA $20K mini-MAX [150 Entry Max] (78/130),69624344,2019-03-02 18:30:00,2476,572.5,$2.00,$0.00,23781,$1.00,"$20,000.00",5350
MMA,Classic,1416460652,MMA $20K mini-MAX [150 Entry Max] (66/130),69624344,2019-03-02 18:30:00,2610,568,$2.00,$0.00,23781,$1.00,"$20,000.00",5350
MMA,Classic,1416460627,MMA $20K mini-MAX [150 Entry Max] (41/130),69624344,2019-03-02 18:30:00,3015,562,$2.00,$0.00,23781,$1.00,"$20,000.00",5350
MMA,Classic,1416460667,MMA $20K mini-MAX [150 Entry Max] (81/130),69624344,2019-03-02 18:30:00,3300,559,$2.00,$0.00,23781,$1.00,"$20,000.00",5350
MMA,Classic,1416460635,MMA $20K mini-MAX [150 Entry Max] (49/130),69624344,2019-03-02 18:30:00,3402,556.5,$2.00,$0.00,23781,$1.00,"$20,000.00",5350
MMA,Classic,1416460682,MMA $20K mini-MAX [150 Entry Max] (96/130),69624344,2019-03-02 18:30:00,3456,555.5,$2.00,$0.00,23781,$1.00,"$20,000.00",5350
MMA,Classic,1416460676,MMA $20K mini-MAX [150 Entry Max] (90/130),69624344,2019-03-02 18:30:00,3554,553.5,$2.00,$0.00,23781,$1.00,"$20,000.00",5350
MMA,Classic,1416460706,MMA $20K mini-MAX [150 Entry Max] (120/130),69624344,2019-03-02 18:30:00,3743,550,$2.00,$0.00,23781,$1.00,"$20,000.00",5350
MMA,Classic,1416460608,MMA $20K mini-MAX [150 Entry Max] (22/130),69624344,2019-03-02 18:30:00,3813,548.5,$2.00,$0.00,23781,$1.00,"$20,000.00",5350
MMA,Classic,1416460645,MMA $20K mini-MAX [150 Entry Max] (59/130),69624344,2019-03-02 18:30:00,3953,545.5,$2.00,$0.00,23781,$1.00,"$20,000.00",5350
MMA,Classic,1416460698,MMA $20K mini-MAX [150 Entry Max] (112/130),69624344,2019-03-02 18:30:00,3953,545.5,$2.00,$0.00,23781,$1.00,"$20,000.00",5350
MMA,Classic,1416460603,MMA $20K mini-MAX [150 Entry Max] (17/130),69624344,2019-03-02 18:30:00,4058,544,$2.00,$0.00,23781,$1.00,"$20,000.00",5350
MMA,Classic,1416460601,MMA $20K mini-MAX [150 Entry Max] (15/130),69624344,2019-03-02 18:30:00,4354,541,$2.00,$0.00,23781,$1.00,"$20,000.00",5350
MMA,Classic,1416460639,MMA $20K mini-MAX [150 Entry Max] (53/130),69624344,2019-03-02 18:30:00,4354,541,$2.00,$0.00,23781,$1.00,"$20,000.00",5350
MMA,Classic,1416460620,MMA $20K mini-MAX [150 Entry Max] (34/130),69624344,2019-03-02 18:30:00,4496,538.5,$2.00,$0.00,23781,$1.00,"$20,000.00",5350
MMA,Classic,1416460618,MMA $20K mini-MAX [150 Entry Max] (32/130),69624344,2019-03-02 18:30:00,4539,537.5,$2.00,$0.00,23781,$1.00,"$20,000.00",5350
MMA,Classic,1416460598,MMA $20K mini-MAX [150 Entry Max] (12/130),69624344,2019-03-02 18:30:00,4558,536.5,$2.00,$0.00,23781,$1.00,"$20,000.00",5350
MMA,Classic,1416460659,MMA $20K mini-MAX [150 Entry Max] (73/130),69624344,2019-03-02 18:30:00,4646,535.5,$2.00,$0.00,23781,$1.00,"$20,000.00",5350
MMA,Classic,1416460665,MMA $20K mini-MAX [150 Entry Max] (79/130),69624344,2019-03-02 18:30:00,4646,535.5,$2.00,$0.00,23781,$1.00,"$20,000.00",5350
MMA,Classic,1416460657,MMA $20K mini-MAX [150 Entry Max] (71/130),69624344,2019-03-02 18:30:00,4739,534.5,$2.00,$0.00,23781,$1.00,"$20,000.00",5350
MMA,Classic,1416460610,MMA $20K mini-MAX [150 Entry Max] (24/130),69624344,2019-03-02 18:30:00,4754,534,$2.00,$0.00,23781,$1.00,"$20,000.00",5350
MMA,Classic,1416460613,MMA $20K mini-MAX [150 Entry Max] (27/130),69624344,2019-03-02 18:30:00,4820,533,$2.00,$0.00,23781,$1.00,"$20,000.00",5350
MMA,Classic,1416460648,MMA $20K mini-MAX [150 Entry Max] (62/130),69624344,2019-03-02 18:30:00,4879,531,$2.00,$0.00,23781,$1.00,"$20,000.00",5350
MMA,Classic,1416460651,MMA $20K mini-MAX [150 Entry Max] (65/130),69624344,2019-03-02 18:30:00,5009,530,$2.00,$0.00,23781,$1.00,"$20,000.00",5350
MMA,Classic,1416460589,MMA $20K mini-MAX [150 Entry Max] (3/130),69624344,2019-03-02 18:30:00,5164,523,$2.00,$0.00,23781,$1.00,"$20,000.00",5350
MMA,Classic,1416460595,MMA $20K mini-MAX [150 Entry Max] (9/130),69624344,2019-03-02 18:30:00,5164,523,$2.00,$0.00,23781,$1.00,"$20,000.00",5350
MMA,Classic,1416460590,MMA $20K mini-MAX [150 Entry Max] (4/130),69624344,2019-03-02 18:30:00,5557,514,$0.00,$0.00,23781,$1.00,"$20,000.00",5350
MMA,Classic,1416460715,MMA $20K mini-MAX [150 Entry Max] (129/130),69624344,2019-03-02 18:30:00,6238,500,$0.00,$0.00,23781,$1.00,"$20,000.00",5350
MMA,Classic,1416460592,MMA $20K mini-MAX [150 Entry Max] (6/130),69624344,2019-03-02 18:30:00,6393,498,$0.00,$0.00,23781,$1.00,"$20,000.00",5350
MMA,Classic,1416460693,MMA $20K mini-MAX [150 Entry Max] (107/130),69624344,2019-03-02 18:30:00,6747,492,$0.00,$0.00,23781,$1.00,"$20,000.00",5350
MMA,Classic,1416460636,MMA $20K mini-MAX [150 Entry Max] (50/130),69624344,2019-03-02 18:30:00,6988,487.5,$0.00,$0.00,23781,$1.00,"$20,000.00",5350
MMA,Classic,1416460677,MMA $20K mini-MAX [150 Entry Max] (91/130),69624344,2019-03-02 18:30:00,7102,484.5,$0.00,$0.00,23781,$1.00,"$20,000.00",5350
MMA,Classic,1416460633,MMA $20K mini-MAX [150 Entry Max] (47/130),69624344,2019-03-02 18:30:00,7233,483,$0.00,$0.00,23781,$1.00,"$20,000.00",5350
MMA,Classic,1416460707,MMA $20K mini-MAX [150 Entry Max] (121/130),69624344,2019-03-02 18:30:00,7347,481,$0.00,$0.00,23781,$1.00,"$20,000.00",5350
MMA,Classic,1416460674,MMA $20K mini-MAX [150 Entry Max] (88/130),69624344,2019-03-02 18:30:00,7392,480,$0.00,$0.00,23781,$1.00,"$20,000.00",5350
MMA,Classic,1416460699,MMA $20K mini-MAX [150 Entry Max] (113/130),69624344,2019-03-02 18:30:00,7854,476.5,$0.00,$0.00,23781,$1.00,"$20,000.00",5350
MMA,Classic,1416460711,MMA $20K mini-MAX [150 Entry Max] (125/130),69624344,2019-03-02 18:30:00,8061,473,$0.00,$0.00,23781,$1.00,"$20,000.00",5350
MMA,Classic,1416460621,MMA $20K mini-MAX [150 Entry Max] (35/130),69624344,2019-03-02 18:30:00,8274,469.5,$0.00,$0.00,23781,$1.00,"$20,000.00",5350
MMA,Classic,1416460626,MMA $20K mini-MAX [150 Entry Max] (40/130),69624344,2019-03-02 18:30:00,8274,469.5,$0.00,$0.00,23781,$1.00,"$20,000.00",5350
MMA,Classic,1416460660,MMA $20K mini-MAX [150 Entry Max] (74/130),69624344,2019-03-02 18:30:00,8658,466.5,$0.00,$0.00,23781,$1.00,"$20,000.00",5350
MMA,Classic,1416460666,MMA $20K mini-MAX [150 Entry Max] (80/130),69624344,2019-03-02 18:30:00,8658,466.5,$0.00,$0.00,23781,$1.00,"$20,000.00",5350
MMA,Classic,1416460622,MMA $20K mini-MAX [150 Entry Max] (36/130),69624344,2019-03-02 18:30:00,9140,460.5,$0.00,$0.00,23781,$1.00,"$20,000.00",5350
MMA,Classic,1416460630,MMA $20K mini-MAX [150 Entry Max] (44/130),69624344,2019-03-02 18:30:00,9140,460.5,$0.00,$0.00,23781,$1.00,"$20,000.00",5350
MMA,Classic,1416460661,MMA $20K mini-MAX [150 Entry Max] (75/130),69624344,2019-03-02 18:30:00,9355,457.5,$0.00,$0.00,23781,$1.00,"$20,000.00",5350
MMA,Classic,1416460671,MMA $20K mini-MAX [150 Entry Max] (85/130),69624344,2019-03-02 18:30:00,9355,457.5,$0.00,$0.00,23781,$1.00,"$20,000.00",5350
MMA,Classic,1416460628,MMA $20K mini-MAX [150 Entry Max] (42/130),69624344,2019-03-02 18:30:00,9492,456,$0.00,$0.00,23781,$1.00,"$20,000.00",5350
MMA,Classic,1416460690,MMA $20K mini-MAX [150 Entry Max] (104/130),69624344,2019-03-02 18:30:00,9596,455,$0.00,$0.00,23781,$1.00,"$20,000.00",5350
MMA,Classic,1416460688,MMA $20K mini-MAX [150 Entry Max] (102/130),69624344,2019-03-02 18:30:00,9673,454,$0.00,$0.00,23781,$1.00,"$20,000.00",5350
MMA,Classic,1416460668,MMA $20K mini-MAX [150 Entry Max] (82/130),69624344,2019-03-02 18:30:00,9730,453,$0.00,$0.00,23781,$1.00,"$20,000.00",5350
MMA,Classic,1416460637,MMA $20K mini-MAX [150 Entry Max] (51/130),69624344,2019-03-02 18:30:00,10028,450.5,$0.00,$0.00,23781,$1.00,"$20,000.00",5350
MMA,Classic,1416460680,MMA $20K mini-MAX [150 Entry Max] (94/130),69624344,2019-03-02 18:30:00,10028,450.5,$0.00,$0.00,23781,$1.00,"$20,000.00",5350
MMA,Classic,1416460683,MMA $20K mini-MAX [150 Entry Max] (97/130),69624344,2019-03-02 18:30:00,10146,449.5,$0.00,$0.00,23781,$1.00,"$20,000.00",5350
MMA,Classic,1416460678,MMA $20K mini-MAX [150 Entry Max] (92/130),69624344,2019-03-02 18:30:00,10260,447.5,$0.00,$0.00,23781,$1.00,"$20,000.00",5350
MMA,Classic,1416460596,MMA $20K mini-MAX [150 Entry Max] (10/130),69624344,2019-03-02 18:30:00,10325,446,$0.00,$0.00,23781,$1.00,"$20,000.00",5350
MMA,Classic,1416460702,MMA $20K mini-MAX [150 Entry Max] (116/130),69624344,2019-03-02 18:30:00,10456,445,$0.00,$0.00,23781,$1.00,"$20,000.00",5350
MMA,Classic,1416460708,MMA $20K mini-MAX [150 Entry Max] (122/130),69624344,2019-03-02 18:30:00,10578,444,$0.00,$0.00,23781,$1.00,"$20,000.00",5350
MMA,Classic,1416460604,MMA $20K mini-MAX [150 Entry Max] (18/130),69624344,2019-03-02 18:30:00,10674,442.5,$0.00,$0.00,23781,$1.00,"$20,000.00",5350
MMA,Classic,1416460609,MMA $20K mini-MAX [150 Entry Max] (23/130),69624344,2019-03-02 18:30:00,10674,442.5,$0.00,$0.00,23781,$1.00,"$20,000.00",5350
MMA,Classic,1416460640,MMA $20K mini-MAX [150 Entry Max] (54/130),69624344,2019-03-02 18:30:00,10837,439.5,$0.00,$0.00,23781,$1.00,"$20,000.00",5350
MMA,Classic,1416460646,MMA $20K mini-MAX [150 Entry Max] (60/130),69624344,2019-03-02 18:30:00,10837,439.5,$0.00,$0.00,23781,$1.00,"$20,000.00",5350
MMA,Classic,1416460599,MMA $20K mini-MAX [150 Entry Max] (13/130),69624344,2019-03-02 18:30:00,11015,436,$0.00,$0.00,23781,$1.00,"$20,000.00",5350
MMA,Classic,1416460602,MMA $20K mini-MAX [150 Entry Max] (16/130),69624344,2019-03-02 18:30:00,11122,435,$0.00,$0.00,23781,$1.00,"$20,000.00",5350
MMA,Classic,1416460605,MMA $20K mini-MAX [150 Entry Max] (19/130),69624344,2019-03-02 18:30:00,11171,433.5,$0.00,$0.00,23781,$1.00,"$20,000.00",5350
MMA,Classic,1416460616,MMA $20K mini-MAX [150 Entry Max] (30/130),69624344,2019-03-02 18:30:00,11269,432.5,$0.00,$0.00,23781,$1.00,"$20,000.00",5350
MMA,Classic,1416460619,MMA $20K mini-MAX [150 Entry Max] (33/130),69624344,2019-03-02 18:30:00,11295,431.5,$0.00,$0.00,23781,$1.00,"$20,000.00",5350
MMA,Classic,1416460641,MMA $20K mini-MAX [150 Entry Max] (55/130),69624344,2019-03-02 18:30:00,11332,430.5,$0.00,$0.00,23781,$1.00,"$20,000.00",5350
MMA,Classic,1416460655,MMA $20K mini-MAX [150 Entry Max] (69/130),69624344,2019-03-02 18:30:00,11383,429.5,$0.00,$0.00,23781,$1.00,"$20,000.00",5350
MMA,Classic,1416460658,MMA $20K mini-MAX [150 Entry Max] (72/130),69624344,2019-03-02 18:30:00,11418,428.5,$0.00,$0.00,23781,$1.00,"$20,000.00",5350
MMA,Classic,1416460611,MMA $20K mini-MAX [150 Entry Max] (25/130),69624344,2019-03-02 18:30:00,11444,428,$0.00,$0.00,23781,$1.00,"$20,000.00",5350
MMA,Classic,1416460649,MMA $20K mini-MAX [150 Entry Max] (63/130),69624344,2019-03-02 18:30:00,11659,425,$0.00,$0.00,23781,$1.00,"$20,000.00",5350
MMA,Classic,1416460614,MMA $20K mini-MAX [150 Entry Max] (28/130),69624344,2019-03-02 18:30:00,11794,423,$0.00,$0.00,23781,$1.00,"$20,000.00",5350
MMA,Classic,1416460653,MMA $20K mini-MAX [150 Entry Max] (67/130),69624344,2019-03-02 18:30:00,11933,420,$0.00,$0.00,23781,$1.00,"$20,000.00",5350
MMA,Classic,1416460588,MMA $20K mini-MAX [150 Entry Max] (2/130),69624344,2019-03-02 18:30:00,12046,418,$0.00,$0.00,23781,$1.00,"$20,000.00",5350
MMA,Classic,1416460647,MMA $20K mini-MAX [150 Entry Max] (61/130),69624344,2019-03-02 18:30:00,12245,415.5,$0.00,$0.00,23781,$1.00,"$20,000.00",5350
MMA,Classic,1416460643,MMA $20K mini-MAX [150 Entry Max] (57/130),69624344,2019-03-02 18:30:00,12373,414.5,$0.00,$0.00,23781,$1.00,"$20,000.00",5350
MMA,Classic,1416460591,MMA $20K mini-MAX [150 Entry Max] (5/130),69624344,2019-03-02 18:30:00,12781,408,$0.00,$0.00,23781,$1.00,"$20,000.00",5350
MMA,Classic,1416460712,MMA $20K mini-MAX [150 Entry Max] (126/130),69624344,2019-03-02 18:30:00,13046,404,$0.00,$0.00,23781,$1.00,"$20,000.00",5350
MMA,Classic,1416460710,MMA $20K mini-MAX [150 Entry Max] (124/130),69624344,2019-03-02 18:30:00,13270,399.5,$0.00,$0.00,23781,$1.00,"$20,000.00",5350
MMA,Classic,1416460716,MMA $20K mini-MAX [150 Entry Max] (130/130),69624344,2019-03-02 18:30:00,13612,394,$0.00,$0.00,23781,$1.00,"$20,000.00",5350
MMA,Classic,1416460593,MMA $20K mini-MAX [150 Entry Max] (7/130),69624344,2019-03-02 18:30:00,13832,392,$0.00,$0.00,23781,$1.00,"$20,000.00",5350
MMA,Classic,1416460691,MMA $20K mini-MAX [150 Entry Max] (105/130),69624344,2019-03-02 18:30:00,14374,386,$0.00,$0.00,23781,$1.00,"$20,000.00",5350
MMA,Classic,1416460694,MMA $20K mini-MAX [150 Entry Max] (108/130),69624344,2019-03-02 18:30:00,14374,386,$0.00,$0.00,23781,$1.00,"$20,000.00",5350
MMA,Classic,1416460638,MMA $20K mini-MAX [150 Entry Max] (52/130),69624344,2019-03-02 18:30:00,14713,381.5,$0.00,$0.00,23781,$1.00,"$20,000.00",5350
MMA,Classic,1416460679,MMA $20K mini-MAX [150 Entry Max] (93/130),69624344,2019-03-02 18:30:00,15048,378.5,$0.00,$0.00,23781,$1.00,"$20,000.00",5350
MMA,Classic,1416460703,MMA $20K mini-MAX [150 Entry Max] (117/130),69624344,2019-03-02 18:30:00,15233,376,$0.00,$0.00,23781,$1.00,"$20,000.00",5350
MMA,Classic,1416460709,MMA $20K mini-MAX [150 Entry Max] (123/130),69624344,2019-03-02 18:30:00,15281,375,$0.00,$0.00,23781,$1.00,"$20,000.00",5350
MMA,Classic,1416460695,MMA $20K mini-MAX [150 Entry Max] (109/130),69624344,2019-03-02 18:30:00,15641,371.5,$0.00,$0.00,23781,$1.00,"$20,000.00",5350
MMA,Classic,1416460713,MMA $20K mini-MAX [150 Entry Max] (127/130),69624344,2019-03-02 18:30:00,16083,367,$0.00,$0.00,23781,$1.00,"$20,000.00",5350
MMA,Classic,1416460700,MMA $20K mini-MAX [150 Entry Max] (114/130),69624344,2019-03-02 18:30:00,16129,366.5,$0.00,$0.00,23781,$1.00,"$20,000.00",5350
MMA,Classic,1416460623,MMA $20K mini-MAX [150 Entry Max] (37/130),69624344,2019-03-02 18:30:00,16918,354.5,$0.00,$0.00,23781,$1.00,"$20,000.00",5350
MMA,Classic,1416460631,MMA $20K mini-MAX [150 Entry Max] (45/130),69624344,2019-03-02 18:30:00,16918,354.5,$0.00,$0.00,23781,$1.00,"$20,000.00",5350
MMA,Classic,1416460669,MMA $20K mini-MAX [150 Entry Max] (83/130),69624344,2019-03-02 18:30:00,17044,352.5,$0.00,$0.00,23781,$1.00,"$20,000.00",5350
MMA,Classic,1416460662,MMA $20K mini-MAX [150 Entry Max] (76/130),69624344,2019-03-02 18:30:00,17120,351.5,$0.00,$0.00,23781,$1.00,"$20,000.00",5350
MMA,Classic,1416460672,MMA $20K mini-MAX [150 Entry Max] (86/130),69624344,2019-03-02 18:30:00,17120,351.5,$0.00,$0.00,23781,$1.00,"$20,000.00",5350
MMA,Classic,1416460686,MMA $20K mini-MAX [150 Entry Max] (100/130),69624344,2019-03-02 18:30:00,17263,349,$0.00,$0.00,23781,$1.00,"$20,000.00",5350
MMA,Classic,1416460689,MMA $20K mini-MAX [150 Entry Max] (103/130),69624344,2019-03-02 18:30:00,17390,348,$0.00,$0.00,23781,$1.00,"$20,000.00",5350
MMA,Classic,1416460681,MMA $20K mini-MAX [150 Entry Max] (95/130),69624344,2019-03-02 18:30:00,17630,344.5,$0.00,$0.00,23781,$1.00,"$20,000.00",5350
MMA,Classic,1416460684,MMA $20K mini-MAX [150 Entry Max] (98/130),69624344,2019-03-02 18:30:00,17908,339.5,$0.00,$0.00,23781,$1.00,"$20,000.00",5350
MMA,Classic,1416460704,MMA $20K mini-MAX [150 Entry Max] (118/130),69624344,2019-03-02 18:30:00,17927,339,$0.00,$0.00,23781,$1.00,"$20,000.00",5350
MMA,Classic,1416460624,MMA $20K mini-MAX [150 Entry Max] (38/130),69624344,2019-03-02 18:30:00,17961,338.5,$0.00,$0.00,23781,$1.00,"$20,000.00",5350
MMA,Classic,1416460663,MMA $20K mini-MAX [150 Entry Max] (77/130),69624344,2019-03-02 18:30:00,18065,335.5,$0.00,$0.00,23781,$1.00,"$20,000.00",5350
MMA,Classic,1416460600,MMA $20K mini-MAX [150 Entry Max] (14/130),69624344,2019-03-02 18:30:00,18393,330,$0.00,$0.00,23781,$1.00,"$20,000.00",5350
MMA,Classic,1416460606,MMA $20K mini-MAX [150 Entry Max] (20/130),69624344,2019-03-02 18:30:00,18549,327.5,$0.00,$0.00,23781,$1.00,"$20,000.00",5350
MMA,Classic,1416460617,MMA $20K mini-MAX [150 Entry Max] (31/130),69624344,2019-03-02 18:30:00,18582,326.5,$0.00,$0.00,23781,$1.00,"$20,000.00",5350
MMA,Classic,1416460642,MMA $20K mini-MAX [150 Entry Max] (56/130),69624344,2019-03-02 18:30:00,18673,324.5,$0.00,$0.00,23781,$1.00,"$20,000.00",5350
MMA,Classic,1416460656,MMA $20K mini-MAX [150 Entry Max] (70/130),69624344,2019-03-02 18:30:00,18711,323.5,$0.00,$0.00,23781,$1.00,"$20,000.00",5350
MMA,Classic,1416460615,MMA $20K mini-MAX [150 Entry Max] (29/130),69624344,2019-03-02 18:30:00,18996,317,$0.00,$0.00,23781,$1.00,"$20,000.00",5350
MMA,Classic,1416460654,MMA $20K mini-MAX [150 Entry Max] (68/130),69624344,2019-03-02 18:30:00,19168,314,$0.00,$0.00,23781,$1.00,"$20,000.00",5350
MMA,Classic,1416460607,MMA $20K mini-MAX [150 Entry Max] (21/130),69624344,2019-03-02 18:30:00,19242,311.5,$0.00,$0.00,23781,$1.00,"$20,000.00",5350
MMA,Classic,1416460644,MMA $20K mini-MAX [150 Entry Max] (58/130),69624344,2019-03-02 18:30:00,19393,308.5,$0.00,$0.00,23781,$1.00,"$20,000.00",5350
MMA,Classic,1416460714,MMA $20K mini-MAX [150 Entry Max] (128/130),69624344,2019-03-02 18:30:00,19815,298,$0.00,$0.00,23781,$1.00,"$20,000.00",5350
MMA,Classic,1416460634,MMA $20K mini-MAX [150 Entry Max] (48/130),69624344,2019-03-02 18:30:00,20923,276.5,$0.00,$0.00,23781,$1.00,"$20,000.00",5350
MMA,Classic,1416460675,MMA $20K mini-MAX [150 Entry Max] (89/130),69624344,2019-03-02 18:30:00,21005,273.5,$0.00,$0.00,23781,$1.00,"$20,000.00",5350
MMA,Classic,1416460692,MMA $20K mini-MAX [150 Entry Max] (106/130),69624344,2019-03-02 18:30:00,21129,271,$0.00,$0.00,23781,$1.00,"$20,000.00",5350
MMA,Classic,1416460705,MMA $20K mini-MAX [150 Entry Max] (119/130),69624344,2019-03-02 18:30:00,21162,270,$0.00,$0.00,23781,$1.00,"$20,000.00",5350
MMA,Classic,1416460701,MMA $20K mini-MAX [150 Entry Max] (115/130),69624344,2019-03-02 18:30:00,21630,260.5,$0.00,$0.00,23781,$1.00,"$20,000.00",5350
MMA,Classic,1416460629,MMA $20K mini-MAX [150 Entry Max] (43/130),69624344,2019-03-02 18:30:00,21962,249.5,$0.00,$0.00,23781,$1.00,"$20,000.00",5350
MMA,Classic,1416460670,MMA $20K mini-MAX [150 Entry Max] (84/130),69624344,2019-03-02 18:30:00,22048,246.5,$0.00,$0.00,23781,$1.00,"$20,000.00",5350
MMA,Classic,1416460687,MMA $20K mini-MAX [150 Entry Max] (101/130),69624344,2019-03-02 18:30:00,22158,243,$0.00,$0.00,23781,$1.00,"$20,000.00",5350
MMA,Classic,1416460685,MMA $20K mini-MAX [150 Entry Max] (99/130),69624344,2019-03-02 18:30:00,22338,233.5,$0.00,$0.00,23781,$1.00,"$20,000.00",5350
MMA,Classic,1416470528,MMA SUPERSat to $10 Uppercut [3x],69652884,2019-03-02 18:30:00,3,624.5,$0.00,$10.00,35,$1.00,$30.00,3
MMA,Classic,1416462310,MMA $3K Quarter Jukebox [Just $0.25!] (11/20),69655983,2019-03-02 18:30:00,468,642.5,$1.00,$0.00,14268,$0.25,"$3,000.00",3492
MMA,Classic,1416462307,MMA $3K Quarter Jukebox [Just $0.25!] (8/20),69655983,2019-03-02 18:30:00,628,629,$1.00,$0.00,14268,$0.25,"$3,000.00",3492
MMA,Classic,1416462300,MMA $3K Quarter Jukebox [Just $0.25!] (1/20),69655983,2019-03-02 18:30:00,691,624.5,$1.00,$0.00,14268,$0.25,"$3,000.00",3492
MMA,Classic,1416462316,MMA $3K Quarter Jukebox [Just $0.25!] (17/20),69655983,2019-03-02 18:30:00,3048,544,$0.50,$0.00,14268,$0.25,"$3,000.00",3492
MMA,Classic,1416462314,MMA $3K Quarter Jukebox [Just $0.25!] (15/20),69655983,2019-03-02 18:30:00,3366,541,$0.50,$0.00,14268,$0.25,"$3,000.00",3492
MMA,Classic,1416462311,MMA $3K Quarter Jukebox [Just $0.25!] (12/20),69655983,2019-03-02 18:30:00,3511,536.5,$0.00,$0.00,14268,$0.25,"$3,000.00",3492
MMA,Classic,1416462302,MMA $3K Quarter Jukebox [Just $0.25!] (3/20),69655983,2019-03-02 18:30:00,3911,523,$0.00,$0.00,14268,$0.25,"$3,000.00",3492
MMA,Classic,1416462308,MMA $3K Quarter Jukebox [Just $0.25!] (9/20),69655983,2019-03-02 18:30:00,3911,523,$0.00,$0.00,14268,$0.25,"$3,000.00",3492
MMA,Classic,1416462303,MMA $3K Quarter Jukebox [Just $0.25!] (4/20),69655983,2019-03-02 18:30:00,4096,514,$0.00,$0.00,14268,$0.25,"$3,000.00",3492
MMA,Classic,1416462305,MMA $3K Quarter Jukebox [Just $0.25!] (6/20),69655983,2019-03-02 18:30:00,4507,498,$0.00,$0.00,14268,$0.25,"$3,000.00",3492
MMA,Classic,1416462309,MMA $3K Quarter Jukebox [Just $0.25!] (10/20),69655983,2019-03-02 18:30:00,6833,446,$0.00,$0.00,14268,$0.25,"$3,000.00",3492
MMA,Classic,1416462317,MMA $3K Quarter Jukebox [Just $0.25!] (18/20),69655983,2019-03-02 18:30:00,7009,442.5,$0.00,$0.00,14268,$0.25,"$3,000.00",3492
MMA,Classic,1416462312,MMA $3K Quarter Jukebox [Just $0.25!] (13/20),69655983,2019-03-02 18:30:00,7186,436,$0.00,$0.00,14268,$0.25,"$3,000.00",3492
MMA,Classic,1416462315,MMA $3K Quarter Jukebox [Just $0.25!] (16/20),69655983,2019-03-02 18:30:00,7230,435,$0.00,$0.00,14268,$0.25,"$3,000.00",3492
MMA,Classic,1416462318,MMA $3K Quarter Jukebox [Just $0.25!] (19/20),69655983,2019-03-02 18:30:00,7271,433.5,$0.00,$0.00,14268,$0.25,"$3,000.00",3492
MMA,Classic,1416462301,MMA $3K Quarter Jukebox [Just $0.25!] (2/20),69655983,2019-03-02 18:30:00,7714,418,$0.00,$0.00,14268,$0.25,"$3,000.00",3492
MMA,Classic,1416462304,MMA $3K Quarter Jukebox [Just $0.25!] (5/20),69655983,2019-03-02 18:30:00,8083,408,$0.00,$0.00,14268,$0.25,"$3,000.00",3492
MMA,Classic,1416462306,MMA $3K Quarter Jukebox [Just $0.25!] (7/20),69655983,2019-03-02 18:30:00,8590,392,$0.00,$0.00,14268,$0.25,"$3,000.00",3492
MMA,Classic,1416462313,MMA $3K Quarter Jukebox [Just $0.25!] (14/20),69655983,2019-03-02 18:30:00,11300,330,$0.00,$0.00,14268,$0.25,"$3,000.00",3492
MMA,Classic,1416462319,MMA $3K Quarter Jukebox [Just $0.25!] (20/20),69655983,2019-03-02 18:30:00,11390,327.5,$0.00,$0.00,14268,$0.25,"$3,000.00",3492
MMA,Classic,1416460452,MMA $1.5K Daily Dollar [Single Entry],69655984,2019-03-02 18:30:00,548,523,$0.00,$0.00,1783,$1.00,"$1,500.00",439
MMA,Classic,1416460082,MMA $10K Strike [3 Entry Max] (1/3),69655987,2019-03-02 18:30:00,187,624.5,$9.00,$0.00,3963,$3.00,"$10,000.00",1073
MMA,Classic,1416460411,MMA $10K Strike [3 Entry Max] (3/3),69655987,2019-03-02 18:30:00,1042,523,$5.00,$0.00,3963,$3.00,"$10,000.00",1073
MMA,Classic,1416460405,MMA $10K Strike [3 Entry Max] (2/3),69655987,2019-03-02 18:30:00,1981,418,$0.00,$0.00,3963,$3.00,"$10,000.00",1073
MMA,Classic,1416462151,MMA $10K Hook,69655989,2019-03-02 18:30:00,43,629,$30.00,$0.00,1470,$8.00,"$10,000.00",395
MMA,Classic,1416470006,MMA $6K Flying Knee [Single Entry],69655990,2019-03-02 18:30:00,32,629,$40.00,$0.00,588,$12.00,"$6,000.00",145
MMA,Classic,1417481551,MMA Satellite to $150 Triangle Special (11/17),69656520,2019-03-02 18:30:00,14,642.5,$0.00,$0.00,713,$0.25,$150.00,1
MMA,Classic,1417481548,MMA Satellite to $150 Triangle Special (8/17),69656520,2019-03-02 18:30:00,21,629,$0.00,$0.00,713,$0.25,$150.00,1
MMA,Classic,1416462448,MMA Satellite to $150 Triangle Special (1/17),69656520,2019-03-02 18:30:00,25,624.5,$0.00,$0.00,713,$0.25,$150.00,1
MMA,Classic,1417481557,MMA Satellite to $150 Triangle Special (17/17),69656520,2019-03-02 18:30:00,142,544,$0.00,$0.00,713,$0.25,$150.00,1
MMA,Classic,1417481555,MMA Satellite to $150 Triangle Special (15/17),69656520,2019-03-02 18:30:00,165,541,$0.00,$0.00,713,$0.25,$150.00,1
MMA,Classic,1417481552,MMA Satellite to $150 Triangle Special (12/17),69656520,2019-03-02 18:30:00,176,536.5,$0.00,$0.00,713,$0.25,$150.00,1
MMA,Classic,1416470462,MMA Satellite to $150 Triangle Special (2/17),69656520,2019-03-02 18:30:00,188,523,$0.00,$0.00,713,$0.25,$150.00,1
MMA,Classic,1417481549,MMA Satellite to $150 Triangle Special (9/17),69656520,2019-03-02 18:30:00,188,523,$0.00,$0.00,713,$0.25,$150.00,1
MMA,Classic,1417481544,MMA Satellite to $150 Triangle Special (4/17),69656520,2019-03-02 18:30:00,197,514,$0.00,$0.00,713,$0.25,$150.00,1
MMA,Classic,1417481546,MMA Satellite to $150 Triangle Special (6/17),69656520,2019-03-02 18:30:00,217,498,$0.00,$0.00,713,$0.25,$150.00,1
MMA,Classic,1417481550,MMA Satellite to $150 Triangle Special (10/17),69656520,2019-03-02 18:30:00,331,446,$0.00,$0.00,713,$0.25,$150.00,1
MMA,Classic,1417481553,MMA Satellite to $150 Triangle Special (13/17),69656520,2019-03-02 18:30:00,351,436,$0.00,$0.00,713,$0.25,$150.00,1
MMA,Classic,1417481556,MMA Satellite to $150 Triangle Special (16/17),69656520,2019-03-02 18:30:00,354,435,$0.00,$0.00,713,$0.25,$150.00,1
MMA,Classic,1416470470,MMA Satellite to $150 Triangle Special (3/17),69656520,2019-03-02 18:30:00,375,418,$0.00,$0.00,713,$0.25,$150.00,1
MMA,Classic,1417481545,MMA Satellite to $150 Triangle Special (5/17),69656520,2019-03-02 18:30:00,388,408,$0.00,$0.00,713,$0.25,$150.00,1
MMA,Classic,1417481547,MMA Satellite to $150 Triangle Special (7/17),69656520,2019-03-02 18:30:00,426,392,$0.00,$0.00,713,$0.25,$150.00,1
MMA,Classic,1417481554,MMA Satellite to $150 Triangle Special (14/17),69656520,2019-03-02 18:30:00,542,330,$0.00,$0.00,713,$0.25,$150.00,1
MMA,Classic,1416470399,MMA Satellite to $150 Triangle Special (11/20),69656521,2019-03-02 18:30:00,11,642.5,$0.00,$0.00,713,$0.25,$150.00,1
MMA,Classic,1416470396,MMA Satellite to $150 Triangle Special (8/20),69656521,2019-03-02 18:30:00,19,629,$0.00,$0.00,713,$0.25,$150.00,1
MMA,Classic,1416470389,MMA Satellite to $150 Triangle Special (1/20),69656521,2019-03-02 18:30:00,23,624.5,$0.00,$0.00,713,$0.25,$150.00,1
MMA,Classic,1416470405,MMA Satellite to $150 Triangle Special (17/20),69656521,2019-03-02 18:30:00,127,544,$0.00,$0.00,713,$0.25,$150.00,1
MMA,Classic,1416470403,MMA Satellite to $150 Triangle Special (15/20),69656521,2019-03-02 18:30:00,142,541,$0.00,$0.00,713,$0.25,$150.00,1
MMA,Classic,1416470400,MMA Satellite to $150 Triangle Special (12/20),69656521,2019-03-02 18:30:00,151,536.5,$0.00,$0.00,713,$0.25,$150.00,1
MMA,Classic,1416470391,MMA Satellite to $150 Triangle Special (3/20),69656521,2019-03-02 18:30:00,167,523,$0.00,$0.00,713,$0.25,$150.00,1
MMA,Classic,1416470397,MMA Satellite to $150 Triangle Special (9/20),69656521,2019-03-02 18:30:00,167,523,$0.00,$0.00,713,$0.25,$150.00,1
MMA,Classic,1416470392,MMA Satellite to $150 Triangle Special (4/20),69656521,2019-03-02 18:30:00,180,514,$0.00,$0.00,713,$0.25,$150.00,1
MMA,Classic,1416470394,MMA Satellite to $150 Triangle Special (6/20),69656521,2019-03-02 18:30:00,196,498,$0.00,$0.00,713,$0.25,$150.00,1
MMA,Classic,1416470398,MMA Satellite to $150 Triangle Special (10/20),69656521,2019-03-02 18:30:00,304,446,$0.00,$0.00,713,$0.25,$150.00,1
MMA,Classic,1416470406,MMA Satellite to $150 Triangle Special (18/20),69656521,2019-03-02 18:30:00,318,442.5,$0.00,$0.00,713,$0.25,$150.00,1
MMA,Classic,1416470401,MMA Satellite to $150 Triangle Special (13/20),69656521,2019-03-02 18:30:00,325,436,$0.00,$0.00,713,$0.25,$150.00,1
MMA,Classic,1416470404,MMA Satellite to $150 Triangle Special (16/20),69656521,2019-03-02 18:30:00,326,435,$0.00,$0.00,713,$0.25,$150.00,1
MMA,Classic,1416470407,MMA Satellite to $150 Triangle Special (19/20),69656521,2019-03-02 18:30:00,330,433.5,$0.00,$0.00,713,$0.25,$150.00,1
MMA,Classic,1416470390,MMA Satellite to $150 Triangle Special (2/20),69656521,2019-03-02 18:30:00,347,418,$0.00,$0.00,713,$0.25,$150.00,1
MMA,Classic,1416470393,MMA Satellite to $150 Triangle Special (5/20),69656521,2019-03-02 18:30:00,370,408,$0.00,$0.00,713,$0.25,$150.00,1
MMA,Classic,1416470395,MMA Satellite to $150 Triangle Special (7/20),69656521,2019-03-02 18:30:00,407,392,$0.00,$0.00,713,$0.25,$150.00,1
MMA,Classic,1416470402,MMA Satellite to $150 Triangle Special (14/20),69656521,2019-03-02 18:30:00,534,330,$0.00,$0.00,713,$0.25,$150.00,1
MMA,Classic,1416470408,MMA Satellite to $150 Triangle Special (20/20),69656521,2019-03-02 18:30:00,540,327.5,$0.00,$0.00,713,$0.25,$150.00,1
MMA,Classic,1416470261,MMA Satellite to $175K Knockout King $100 Qualifier (11/20),69657318,2019-03-02 18:30:00,30,642.5,$0.00,$0.00,1189,$0.10,$100.00,1
MMA,Classic,1416470258,MMA Satellite to $175K Knockout King $100 Qualifier (8/20),69657318,2019-03-02 18:30:00,39,629,$0.00,$0.00,1189,$0.10,$100.00,1
MMA,Classic,1416470251,MMA Satellite to $175K Knockout King $100 Qualifier (1/20),69657318,2019-03-02 18:30:00,45,624.5,$0.00,$0.00,1189,$0.10,$100.00,1
MMA,Classic,1416470267,MMA Satellite to $175K Knockout King $100 Qualifier (17/20),69657318,2019-03-02 18:30:00,208,544,$0.00,$0.00,1189,$0.10,$100.00,1
MMA,Classic,1416470265,MMA Satellite to $175K Knockout King $100 Qualifier (15/20),69657318,2019-03-02 18:30:00,237,541,$0.00,$0.00,1189,$0.10,$100.00,1
MMA,Classic,1416470262,MMA Satellite to $175K Knockout King $100 Qualifier (12/20),69657318,2019-03-02 18:30:00,248,536.5,$0.00,$0.00,1189,$0.10,$100.00,1
MMA,Classic,1416470253,MMA Satellite to $175K Knockout King $100 Qualifier (3/20),69657318,2019-03-02 18:30:00,281,523,$0.00,$0.00,1189,$0.10,$100.00,1
MMA,Classic,1416470259,MMA Satellite to $175K Knockout King $100 Qualifier (9/20),69657318,2019-03-02 18:30:00,281,523,$0.00,$0.00,1189,$0.10,$100.00,1
MMA,Classic,1416470254,MMA Satellite to $175K Knockout King $100 Qualifier (4/20),69657318,2019-03-02 18:30:00,298,514,$0.00,$0.00,1189,$0.10,$100.00,1
MMA,Classic,1416470256,MMA Satellite to $175K Knockout King $100 Qualifier (6/20),69657318,2019-03-02 18:30:00,330,498,$0.00,$0.00,1189,$0.10,$100.00,1
MMA,Classic,1416470260,MMA Satellite to $175K Knockout King $100 Qualifier (10/20),69657318,2019-03-02 18:30:00,540,446,$0.00,$0.00,1189,$0.10,$100.00,1
MMA,Classic,1416470268,MMA Satellite to $175K Knockout King $100 Qualifier (18/20),69657318,2019-03-02 18:30:00,560,442.5,$0.00,$0.00,1189,$0.10,$100.00,1
MMA,Classic,1416470263,MMA Satellite to $175K Knockout King $100 Qualifier (13/20),69657318,2019-03-02 18:30:00,581,436,$0.00,$0.00,1189,$0.10,$100.00,1
MMA,Classic,1416470266,MMA Satellite to $175K Knockout King $100 Qualifier (16/20),69657318,2019-03-02 18:30:00,585,435,$0.00,$0.00,1189,$0.10,$100.00,1
MMA,Classic,1416470269,MMA Satellite to $175K Knockout King $100 Qualifier (19/20),69657318,2019-03-02 18:30:00,588,433.5,$0.00,$0.00,1189,$0.10,$100.00,1
MMA,Classic,1416470252,MMA Satellite to $175K Knockout King $100 Qualifier (2/20),69657318,2019-03-02 18:30:00,637,418,$0.00,$0.00,1189,$0.10,$100.00,1
MMA,Classic,1416470255,MMA Satellite to $175K Knockout King $100 Qualifier (5/20),69657318,2019-03-02 18:30:00,662,408,$0.00,$0.00,1189,$0.10,$100.00,1
MMA,Classic,1416470257,MMA Satellite to $175K Knockout King $100 Qualifier (7/20),69657318,2019-03-02 18:30:00,708,392,$0.00,$0.00,1189,$0.10,$100.00,1
MMA,Classic,1416470264,MMA Satellite to $175K Knockout King $100 Qualifier (14/20),69657318,2019-03-02 18:30:00,944,330,$0.00,$0.00,1189,$0.10,$100.00,1
MMA,Classic,1416470270,MMA Satellite to $175K Knockout King $100 Qualifier (20/20),69657318,2019-03-02 18:30:00,949,327.5,$0.00,$0.00,1189,$0.10,$100.00,1
MMA,Classic,1417481702,MMA Satellite to $175K Knockout King $100 Qualifier (11/20),69742553,2019-03-02 18:30:00,22,642.5,$0.00,$0.00,1189,$0.10,$100.00,1
MMA,Classic,1417481699,MMA Satellite to $175K Knockout King $100 Qualifier (8/20),69742553,2019-03-02 18:30:00,32,629,$0.00,$0.00,1189,$0.10,$100.00,1
MMA,Classic,1417481692,MMA Satellite to $175K Knockout King $100 Qualifier (1/20),69742553,2019-03-02 18:30:00,36,624.5,$0.00,$0.00,1189,$0.10,$100.00,1
MMA,Classic,1417481708,MMA Satellite to $175K Knockout King $100 Qualifier (17/20),69742553,2019-03-02 18:30:00,206,544,$0.00,$0.00,1189,$0.10,$100.00,1
MMA,Classic,1417481706,MMA Satellite to $175K Knockout King $100 Qualifier (15/20),69742553,2019-03-02 18:30:00,228,541,$0.00,$0.00,1189,$0.10,$100.00,1
MMA,Classic,1417481703,MMA Satellite to $175K Knockout King $100 Qualifier (12/20),69742553,2019-03-02 18:30:00,239,536.5,$0.00,$0.00,1189,$0.10,$100.00,1
MMA,Classic,1417481694,MMA Satellite to $175K Knockout King $100 Qualifier (3/20),69742553,2019-03-02 18:30:00,267,523,$0.00,$0.00,1189,$0.10,$100.00,1
MMA,Classic,1417481700,MMA Satellite to $175K Knockout King $100 Qualifier (9/20),69742553,2019-03-02 18:30:00,267,523,$0.00,$0.00,1189,$0.10,$100.00,1
MMA,Classic,1417481695,MMA Satellite to $175K Knockout King $100 Qualifier (4/20),69742553,2019-03-02 18:30:00,294,514,$0.00,$0.00,1189,$0.10,$100.00,1
MMA,Classic,1417481697,MMA Satellite to $175K Knockout King $100 Qualifier (6/20),69742553,2019-03-02 18:30:00,324,498,$0.00,$0.00,1189,$0.10,$100.00,1
MMA,Classic,1417481701,MMA Satellite to $175K Knockout King $100 Qualifier (10/20),69742553,2019-03-02 18:30:00,524,446,$0.00,$0.00,1189,$0.10,$100.00,1
MMA,Classic,1417481709,MMA Satellite to $175K Knockout King $100 Qualifier (18/20),69742553,2019-03-02 18:30:00,542,442.5,$0.00,$0.00,1189,$0.10,$100.00,1
MMA,Classic,1417481704,MMA Satellite to $175K Knockout King $100 Qualifier (13/20),69742553,2019-03-02 18:30:00,559,436,$0.00,$0.00,1189,$0.10,$100.00,1
MMA,Classic,1417481707,MMA Satellite to $175K Knockout King $100 Qualifier (16/20),69742553,2019-03-02 18:30:00,562,435,$0.00,$0.00,1189,$0.10,$100.00,1
MMA,Classic,1417481710,MMA Satellite to $175K Knockout King $100 Qualifier (19/20),69742553,2019-03-02 18:30:00,565,433.5,$0.00,$0.00,1189,$0.10,$100.00,1
MMA,Classic,1417481693,MMA Satellite to $175K Knockout King $100 Qualifier (2/20),69742553,2019-03-02 18:30:00,603,418,$0.00,$0.00,1189,$0.10,$100.00,1
MMA,Classic,1417481696,MMA Satellite to $175K Knockout King $100 Qualifier (5/20),69742553,2019-03-02 18:30:00,638,408,$0.00,$0.00,1189,$0.10,$100.00,1
MMA,Classic,1417481698,MMA Satellite to $175K Knockout King $100 Qualifier (7/20),69742553,2019-03-02 18:30:00,684,392,$0.00,$0.00,1189,$0.10,$100.00,1
MMA,Classic,1417481705,MMA Satellite to $175K Knockout King $100 Qualifier (14/20),69742553,2019-03-02 18:30:00,910,330,$0.00,$0.00,1189,$0.10,$100.00,1
MMA,Classic,1417481711,MMA Satellite to $175K Knockout King $100 Qualifier (20/20),69742553,2019-03-02 18:30:00,921,327.5,$0.00,$0.00,1189,$0.10,$100.00,1
,,,,,,,,,,,,,6160
,,,,,,,,,,,,,2025
,,,,,,,,,,,,,3545
,,,,,,,,,,,,,3956
,,,,,,,,,,,,,9
,,,,,,,,,,,,,9
,,,,,,,,,,,,,720
,,,,,,,,,,,,,4450
,,,,,,,,,,,,,2
,,,,,,,,,,,,,2085
,,,,,,,,,,,,,24
,,,,,,,,,,,,,24
,,,,,,,,,,,,,24
,,,,,,,,,,,,,18
,,,,,,,,,,,,,18
,,,,,,,,,,,,,1315
,,,,,,,,,,,,,1315
,,,,,,,,,,,,,1315
,,,,,,,,,,,,,1315
,,,,,,,,,,,,,1315
,,,,,,,,,,,,,1315
,,,,,,,,,,,,,1315
,,,,,,,,,,,,,1315
,,,,,,,,,,,,,1315
,,,,,,,,,,,,,1315
,,,,,,,,,,,,,1315
,,,,,,,,,,,,,580
,,,,,,,,,,,,,3025
,,,,,,,,,,,,,3025
,,,,,,,,,,,,,3025
,,,,,,,,,,,,,3025
,,,,,,,,,,,,,3025
,,,,,,,,,,,,,3025
,,,,,,,,,,,,,3025
,,,,,,,,,,,,,3025
,,,,,,,,,,,,,3025
,,,,,,,,,,,,,3025
,,,,,,,,,,,,,3025
,,,,,,,,,,,,,1
,,,,,,,,,,,,,1
,,,,,,,,,,,,,1
,,,,,,,,,,,,,1
,,,,,,,,,,,,,1
,,,,,,,,,,,,,1
,,,,,,,,,,,,,1
,,,,,,,,,,,,,1
,,,,,,,,,,,,,1
,,,,,,,,,,,,,1
,,,,,,,,,,,,,1
,,,,,,,,,,,,,1
,,,,,,,,,,,,,1
,,,,,,,,,,,,,1
,,,,,,,,,,,,,1
,,,,,,,,,,,,,1
,,,,,,,,,,,,,1
,,,,,,,,,,,,,1
,,,,,,,,,,,,,1
,,,,,,,,,,,,,1
,,,,,,,,,,,,,1
,,,,,,,,,,,,,1
,,,,,,,,,,,,,1
,,,,,,,,,,,,,1
,,,,,,,,,,,,,1
,,,,,,,,,,,,,1
,,,,,,,,,,,,,1
,,,,,,,,,,,,,1
,,,,,,,,,,,,,1
,,,,,,,,,,,,,1
,,,,,,,,,,,,,1
,,,,,,,,,,,,,1
,,,,,,,,,,,,,1
,,,,,,,,,,,,,1
,,,,,,,,,,,,,1
,,,,,,,,,,,,,1
,,,,,,,,,,,,,1
,,,,,,,,,,,,,1
,,,,,,,,,,,,,1
,,,,,,,,,,,,,1
,,,,,,,,,,,,,1
,,,,,,,,,,,,,1
,,,,,,,,,,,,,125
,,,,,,,,,,,,,125
,,,,,,,,,,,,,125
,,,,,,,,,,,,,125
,,,,,,,,,,,,,125
,,,,,,,,,,,,,125
,,,,,,,,,,,,,125
,,,,,,,,,,,,,125
,,,,,,,,,,,,,125
,,,,,,,,,,,,,125
,,,,,,,,,,,,,125
,,,,,,,,,,,,,1769
,,,,,,,,,,,,,1769
,,,,,,,,,,,,,1769
,,,,,,,,,,,,,1769
,,,,,,,,,,,,,1769
,,,,,,,,,,,,,1769
,,,,,,,,,,,,,1769
,,,,,,,,,,,,,1769
,,,,,,,,,,,,,1769
,,,,,,,,,,,,,1769
,,,,,,,,,,,,,1769
,,,,,,,,,,,,,500
,,,,,,,,,,,,,500
,,,,,,,,,,,,,500
,,,,,,,,,,,,,500
,,,,,,,,,,,,,500
,,,,,,,,,,,,,500
,,,,,,,,,,,,,500
,,,,,,,,,,,,,500
,,,,,,,,,,,,,500
,,,,,,,,,,,,,500
,,,,,,,,,,,,,500
,,,,,,,,,,,,,99
,,,,,,,,,,,,,2265
,,,,,,,,,,,,,2265
,,,,,,,,,,,,,2265
,,,,,,,,,,,,,2265
,,,,,,,,,,,,,2265
,,,,,,,,,,,,,2265
,,,,,,,,,,,,,2265
,,,,,,,,,,,,,2265
,,,,,,,,,,,,,2265
,,,,,,,,,,,,,2265
,,,,,,,,,,,,,2265
,,,,,,,,,,,,,2265
,,,,,,,,,,,,,2265
,,,,,,,,,,,,,2265
,,,,,,,,,,,,,2265
,,,,,,,,,,,,,2265
,,,,,,,,,,,,,2265
,,,,,,,,,,,,,2265
,,,,,,,,,,,,,2265
,,,,,,,,,,,,,3940
,,,,,,,,,,,,,3940
,,,,,,,,,,,,,5050
,,,,,,,,,,,,,5050
,,,,,,,,,,,,,5050
,,,,,,,,,,,,,5050
,,,,,,,,,,,,,5050
,,,,,,,,,,,,,5050
,,,,,,,,,,,,,5050
,,,,,,,,,,,,,5050
,,,,,,,,,,,,,5050
,,,,,,,,,,,,,5050
,,,,,,,,,,,,,5050
,,,,,,,,,,,,,5050
,,,,,,,,,,,,,5050
,,,,,,,,,,,,,5050
,,,,,,,,,,,,,5050
,,,,,,,,,,,,,5050
,,,,,,,,,,,,,5050
,,,,,,,,,,,,,5050
,,,,,,,,,,,,,5050
,,,,,,,,,,,,,2945
,,,,,,,,,,,,,2945
,,,,,,,,,,,,,2945
,,,,,,,,,,,,,2945
,,,,,,,,,,,,,2945
,,,,,,,,,,,,,2945
,,,,,,,,,,,,,2945
,,,,,,,,,,,,,2945
,,,,,,,,,,,,,2945
,,,,,,,,,,,,,2945
,,,,,,,,,,,,,2945
,,,,,,,,,,,,,2945
,,,,,,,,,,,,,2945
,,,,,,,,,,,,,2945
,,,,,,,,,,,,,2945
,,,,,,,,,,,,,2945
,,,,,,,,,,,,,2945
,,,,,,,,,,,,,2945
,,,,,,,,,,,,,2945
,,,,,,,,,,,,,439
,,,,,,,,,,,,,580
,,,,,,,,,,,,,580
,,,,,,,,,,,,,580
,,,,,,,,,,,,,580
,,,,,,,,,,,,,580
,,,,,,,,,,,,,580
,,,,,,,,,,,,,580
,,,,,,,,,,,,,580
,,,,,,,,,,,,,580
,,,,,,,,,,,,,580
,,,,,,,,,,,,,580
,,,,,,,,,,,,,580
,,,,,,,,,,,,,580
,,,,,,,,,,,,,580
,,,,,,,,,,,,,580
,,,,,,,,,,,,,580
,,,,,,,,,,,,,580
,,,,,,,,,,,,,580
,,,,,,,,,,,,,580
,,,,,,,,,,,,,225
,,,,,,,,,,,,,1
,,,,,,,,,,,,,1
,,,,,,,,,,,,,1
,,,,,,,,,,,,,1
,,,,,,,,,,,,,1
,,,,,,,,,,,,,1
,,,,,,,,,,,,,1
,,,,,,,,,,,,,1
,,,,,,,,,,,,,1
,,,,,,,,,,,,,1
,,,,,,,,,,,,,1
,,,,,,,,,,,,,1
,,,,,,,,,,,,,1
,,,,,,,,,,,,,1
,,,,,,,,,,,,,1
,,,,,,,,,,,,,1
,,,,,,,,,,,,,1
,,,,,,,,,,,,,1
,,,,,,,,,,,,,1
,,,,,,,,,,,,,1
,,,,,,,,,,,,,1
,,,,,,,,,,,,,1
,,,,,,,,,,,,,1
,,,,,,,,,,,,,1
,,,,,,,,,,,,,1
,,,,,,,,,,,,,1
,,,,,,,,,,,,,1
,,,,,,,,,,,,,1
,,,,,,,,,,,,,1
,,,,,,,,,,,,,1
,,,,,,,,,,,,,1
,,,,,,,,,,,,,1
,,,,,,,,,,,,,1
,,,,,,,,,,,,,1
,,,,,,,,,,,,,1
,,,,,,,,,,,,,1
,,,,,,,,,,,,,1
,,,,,,,,,,,,,1
,,,,,,,,,,,,,1
,,,,,,,,,,,,,4
,,,,,,,,,,,,,4
,,,,,,,,,,,,,4
,,,,,,,,,,,,,4
,,,,,,,,,,,,,4
,,,,,,,,,,,,,4
,,,,,,,,,,,,,4
,,,,,,,,,,,,,4
,,,,,,,,,,,,,4
,,,,,,,,,,,,,4
,,,,,,,,,,,,,4
,,,,,,,,,,,,,4
,,,,,,,,,,,,,4
,,,,,,,,,,,,,4
,,,,,,,,,,,,,2
,,,,,,,,,,,,,2
,,,,,,,,,,,,,2
,,,,,,,,,,,,,2
,,,,,,,,,,,,,2
,,,,,,,,,,,,,2
,,,,,,,,,,,,,2
,,,,,,,,,,,,,2
,,,,,,,,,,,,,2
,,,,,,,,,,,,,1
,,,,,,,,,,,,,1
,,,,,,,,,,,,,1
,,,,,,,,,,,,,1
,,,,,,,,,,,,,1
,,,,,,,,,,,,,1
,,,,,,,,,,,,,1
,,,,,,,,,,,,,600
,,,,,,,,,,,,,4
,,,,,,,,,,,,,1012
,,,,,,,,,,,,,1012
,,,,,,,,,,,,,1012
,,,,,,,,,,,,,1012
,,,,,,,,,,,,,1012
,,,,,,,,,,,,,1012
,,,,,,,,,,,,,2455
,,,,,,,,,,,,,2455
,,,,,,,,,,,,,2455
,,,,,,,,,,,,,2455
,,,,,,,,,,,,,2455
,,,,,,,,,,,,,2455
,,,,,,,,,,,,,590
,,,,,,,,,,,,,590
,,,,,,,,,,,,,590
,,,,,,,,,,,,,295
,,,,,,,,,,,,,1769
,,,,,,,,,,,,,1769
,,,,,,,,,,,,,1769
,,,,,,,,,,,,,1769
,,,,,,,,,,,,,1769
,,,,,,,,,,,,,1769
,,,,,,,,,,,,,206
,,,,,,,,,,,,,206
,,,,,,,,,,,,,206
,,,,,,,,,,,,,206
,,,,,,,,,,,,,206
,,,,,,,,,,,,,206
,,,,,,,,,,,,,500
,,,,,,,,,,,,,500
,,,,,,,,,,,,,500
,,,,,,,,,,,,,99
,,,,,,,,,,,,,3
,,,,,,,,,,,,,3
,,,,,,,,,,,,,3
,,,,,,,,,,,,,3
,,,,,,,,,,,,,1
,,,,,,,,,,,,,5
,,,,,,,,,,,,,5
,,,,,,,,,,,,,4
,,,,,,,,,,,,,4
,,,,,,,,,,,,,4
,,,,,,,,,,,,,4
,,,,,,,,,,,,,4
,,,,,,,,,,,,,4
,,,,,,,,,,,,,4
,,,,,,,,,,,,,4
,,,,,,,,,,,,,4
,,,,,,,,,,,,,4
,,,,,,,,,,,,,4
,,,,,,,,,,,,,4
,,,,,,,,,,,,,4
,,,,,,,,,,,,,4
,,,,,,,,,,,,,3
,,,,,,,,,,,,,3
,,,,,,,,,,,,,3
,,,,,,,,,,,,,3
,,,,,,,,,,,,,3
,,,,,,,,,,,,,3
,,,,,,,,,,,,,3
,,,,,,,,,,,,,3
,,,,,,,,,,,,,3
,,,,,,,,,,,,,3
,,,,,,,,,,,,,3
,,,,,,,,,,,,,3
,,,,,,,,,,,,,1
,,,,,,,,,,,,,1
,,,,,,,,,,,,,1
,,,,,,,,,,,,,1
,,,,,,,,,,,,,1
,,,,,,,,,,,,,1
,,,,,,,,,,,,,1
,,,,,,,,,,,,,1
,,,,,,,,,,,,,1
,,,,,,,,,,,,,1
,,,,,,,,,,,,,1
,,,,,,,,,,,,,1
,,,,,,,,,,,,,1
,,,,,,,,,,,,,1
,,,,,,,,,,,,,1
,,,,,,,,,,,,,1
,,,,,,,,,,,,,1
,,,,,,,,,,,,,1
,,,,,,,,,,,,,4625
,,,,,,,,,,,,,10
,,,,,,,,,,,,,45
,,,,,,,,,,,,,140
,,,,,,,,,,,,,140
,,,,,,,,,,,,,225
,,,,,,,,,,,,,450
,,,,,,,,,,,,,100
,,,,,,,,,,,,,1000
,,,,,,,,,,,,,5
,,,,,,,,,,,,,9
,,,,,,,,,,,,,25
,,,,,,,,,,,,,150
,,,,,,,,,,,,,15
,,,,,,,,,,,,,20
,,,,,,,,,,,,,20
,,,,,,,,,,,,,10
,,,,,,,,,,,,,2329
,,,,,,,,,,,,,1500
,,,,,,,,,,,,,1250
,,,,,,,,,,,,,40
,,,,,,,,,,,,,40
,,,,,,,,,,,,,15
,,,,,,,,,,,,,15
,,,,,,,,,,,,,15
,,,,,,,,,,,,,9
,,,,,,,,,,,,,9
,,,,,,,,,,,,,9
,,,,,,,,,,,,,9
,,,,,,,,,,,,,450
,,,,,,,,,,,,,20400
,,,,,,,,,,,,,4600
,,,,,,,,,,,,,1
,,,,,,,,,,,,,1
,,,,,,,,,,,,,1
,,,,,,,,,,,,,1
,,,,,,,,,,,,,1
,,,,,,,,,,,,,1
,,,,,,,,,,,,,1
,,,,,,,,,,,,,1
,,,,,,,,,,,,,1
,,,,,,,,,,,,,1
,,,,,,,,,,,,,1
,,,,,,,,,,,,,1
,,,,,,,,,,,,,1
,,,,,,,,,,,,,1
,,,,,,,,,,,,,1
,,,,,,,,,,,,,1
,,,,,,,,,,,,,125700
,,,,,,,,,,,,,2329
,,,,,,,,,,,,,720
,,,,,,,,,,,,,100
,,,,,,,,,,,,,11650
,,,,,,,,,,,,,877
,,,,,,,,,,,,,20710
,,,,,,,,,,,,,12835
,,,,,,,,,,,,,250
,,,,,,,,,,,,,50
,,,,,,,,,,,,,50
,,,,,,,,,,,,,50
,,,,,,,,,,,,,1700
,,,,,,,,,,,,,1700
,,,,,,,,,,,,,1700
,,,,,,,,,,,,,1700
,,,,,,,,,,,,,60
,,,,,,,,,,,,,60
,,,,,,,,,,,,,60
,,,,,,,,,,,,,60
,,,,,,,,,,,,,500
,,,,,,,,,,,,,500
,,,,,,,,,,,,,500
,,,,,,,,,,,,,500
,,,,,,,,,,,,,50
,,,,,,,,,,,,,50
,,,,,,,,,,,,,50
,,,,,,,,,,,,,50
,,,,,,,,,,,,,50
,,,,,,,,,,,,,50
,,,,,,,,,,,,,50
,,,,,,,,,,,,,50
,,,,,,,,,,,,,50
,,,,,,,,,,,,,100
,,,,,,,,,,,,,100
,,,,,,,,,,,,,100
,,,,,,,,,,,,,500
,,,,,,,,,,,,,500
,,,,,,,,,,,,,500
,,,,,,,,,,,,,500
,,,,,,,,,,,,,500
,,,,,,,,,,,,,500
,,,,,,,,,,,,,5
,,,,,,,,,,,,,5
,,,,,,,,,,,,,5
,,,,,,,,,,,,,12
,,,,,,,,,,,,,10
,,,,,,,,,,,,,10
,,,,,,,,,,,,,15
,,,,,,,,,,,,,15
,,,,,,,,,,,,,15
,,,,,,,,,,,,,15
,,,,,,,,,,,,,15
,,,,,,,,,,,,,20
,,,,,,,,,,,,,20
,,,,,,,,,,,,,20
,,,,,,,,,,,,,20
,,,,,,,,,,,,,10
,,,,,,,,,,,,,40
,,,,,,,,,,,,,140
,,,,,,,,,,,,,140
,,,,,,,,,,,,,140
,,,,,,,,,,,,,140
,,,,,,,,,,,,,140
,,,,,,,,,,,,,140
,,,,,,,,,,,,,1920
,,,,,,,,,,,,,1920
,,,,,,,,,,,,,1920
,,,,,,,,,,,,,1920
,,,,,,,,,,,,,5
,,,,,,,,,,,,,5
,,,,,,,,,,,,,5
,,,,,,,,,,,,,5
,,,,,,,,,,,,,5
,,,,,,,,,,,,,10
,,,,,,,,,,,,,10
,,,,,,,,,,,,,10
,,,,,,,,,,,,,6
,,,,,,,,,,,,,5
,,,,,,,,,,,,,5
,,,,,,,,,,,,,5
,,,,,,,,,,,,,10
,,,,,,,,,,,,,6
,,,,,,,,,,,,,6
,,,,,,,,,,,,,3
,,,,,,,,,,,,,3
,,,,,,,,,,,,,3
,,,,,,,,,,,,,1
,,,,,,,,,,,,,1
,,,,,,,,,,,,,1
,,,,,,,,,,,,,1
,,,,,,,,,,,,,1
,,,,,,,,,,,,,1
,,,,,,,,,,,,,1
,,,,,,,,,,,,,1
,,,,,,,,,,,,,5
,,,,,,,,,,,,,5
,,,,,,,,,,,,,6
,,,,,,,,,,,,,10
,,,,,,,,,,,,,12
,,,,,,,,,,,,,6
,,,,,,,,,,,,,10
,,,,,,,,,,,,,12
,,,,,,,,,,,,,6
,,,,,,,,,,,,,6
,,,,,,,,,,,,,20
,,,,,,,,,,,,,12
,,,,,,,,,,,,,0
,,,,,,,,,,,,,0
,,,,,,,,,,,,,0
,,,,,,,,,,,,,0
,,,,,,,,,,,,,0
,,,,,,,,,,,,,0
,,,,,,,,,,,,,0
,,,,,,,,,,,,,0
,,,,,,,,,,,,,0
,,,,,,,,,,,,,0
,,,,,,,,,,,,,0
,,,,,,,,,,,,,0
,,,,,,,,,,,,,0
,,,,,,,,,,,,,0
,,,,,,,,,,,,,0
,,,,,,,,,,,,,0
,,,,,,,,,,,,,0
,,,,,,,,,,,,,0
,,,,,,,,,,,,,0
,,,,,,,,,,,,,0
,,,,,,,,,,,,,0
,,,,,,,,,,,,,0
,,,,,,,,,,,,,0
,,,,,,,,,,,,,0
,,,,,,,,,,,,,0
,,,,,,,,,,,,,0
,,,,,,,,,,,,,0
,,,,,,,,,,,,,0
,,,,,,,,,,,,,0
,,,,,,,,,,,,,0
,,,,,,,,,,,,,0
,,,,,,,,,,,,,0
,,,,,,,,,,,,,0
,,,,,,,,,,,,,0
,,,,,,,,,,,,,0
,,,,,,,,,,,,,0
,,,,,,,,,,,,,0
,,,,,,,,,,,,,0
,,,,,,,,,,,,,0
,,,,,,,,,,,,,0
,,,,,,,,,,,,,0
,,,,,,,,,,,,,0
,,,,,,,,,,,,,1
,,,,,,,,,,,,,1
,,,,,,,,,,,,,1
,,,,,,,,,,,,,1
,,,,,,,,,,,,,1
,,,,,,,,,,,,,1
,,,,,,,,,,,,,1
,,,,,,,,,,,,,1
,,,,,,,,,,,,,1
,,,,,,,,,,,,,1
,,,,,,,,,,,,,1
,,,,,,,,,,,,,1
,,,,,,,,,,,,,1
,,,,,,,,,,,,,1
,,,,,,,,,,,,,1
,,,,,,,,,,,,,1
,,,,,,,,,,,,,1
,,,,,,,,,,,,,1
,,,,,,,,,,,,,1
,,,,,,,,,,,,,1
,,,,,,,,,,,,,1
,,,,,,,,,,,,,1
,,,,,,,,,,,,,1
,,,,,,,,,,,,,1
,,,,,,,,,,,,,1
,,,,,,,,,,,,,1
,,,,,,,,,,,,,1
,,,,,,,,,,,,,1
,,,,,,,,,,,,,1
,,,,,,,,,,,,,1
,,,,,,,,,,,,,1
,,,,,,,,,,,,,1
,,,,,,,,,,,,,1
,,,,,,,,,,,,,1
,,,,,,,,,,,,,1
,,,,,,,,,,,,,1
,,,,,,,,,,,,,1
,,,,,,,,,,,,,1
,,,,,,,,,,,,,1
,,,,,,,,,,,,,1
,,,,,,,,,,,,,1
,,,,,,,,,,,,,1
,,,,,,,,,,,,,1
,,,,,,,,,,,,,1
,,,,,,,,,,,,,1
,,,,,,,,,,,,,1
,,,,,,,,,,,,,1
,,,,,,,,,,,,,1
,,,,,,,,,,,,,1
,,,,,,,,,,,,,1
,,,,,,,,,,,,,1
,,,,,,,,,,,,,1
,,,,,,,,,,,,,1
,,,,,,,,,,,,,1
,,,,,,,,,,,,,1
,,,,,,,,,,,,,1
,,,,,,,,,,,,,1
,,,,,,,,,,,,,1
,,,,,,,,,,,,,1
,,,,,,,,,,,,,1
,,,,,,,,,,,,,1
,,,,,,,,,,,,,1
,,,,,,,,,,,,,1
